ngramSize,t2NgramSize,t1NgramSize,QRPercentileNorm,QRPercentileT2,QRPercentileT1,QRPercentileOrig,normBoost,t2Boost,t1Boost,map
16,4,4,8,8,8,8,16,4,4,0.994299517
16,4,8,8,8,8,8,16,4,8,0.994299517
16,4,12,8,8,8,8,16,4,12,0.994299517
16,4,16,8,8,8,8,16,4,16,0.994299517
16,4,20,8,8,8,8,16,4,20,0.994299517
16,4,24,8,8,8,8,16,4,24,0.994299517
12,8,4,8,8,8,8,12,8,4,0.993777197
12,8,8,8,8,8,8,12,8,8,0.993777197
12,8,12,8,8,8,8,12,8,12,0.993777197
12,8,16,8,8,8,8,12,8,16,0.993777197
12,8,20,8,8,8,8,12,8,20,0.993777197
12,8,24,8,8,8,8,12,8,24,0.993777197
12,8,4,10,10,10,10,12,8,4,0.993501144
12,8,8,10,10,10,10,12,8,8,0.993501144
12,8,12,10,10,10,10,12,8,12,0.993501144
12,8,16,10,10,10,10,12,8,16,0.993501144
12,8,20,10,10,10,10,12,8,20,0.993501144
12,8,24,10,10,10,10,12,8,24,0.993501144
12,4,4,8,8,8,8,12,4,4,0.993464458
12,4,8,8,8,8,8,12,4,8,0.993464458
12,4,12,8,8,8,8,12,4,12,0.993464458
12,4,16,8,8,8,8,12,4,16,0.993464458
12,4,20,8,8,8,8,12,4,20,0.993464458
12,4,24,8,8,8,8,12,4,24,0.993464458
12,4,4,10,10,10,10,12,4,4,0.993309179
12,4,8,10,10,10,10,12,4,8,0.993309179
12,4,12,10,10,10,10,12,4,12,0.993309179
12,4,16,10,10,10,10,12,4,16,0.993309179
12,4,20,10,10,10,10,12,4,20,0.993309179
12,4,24,10,10,10,10,12,4,24,0.993309179
20,4,4,8,8,8,8,20,4,4,0.99326087
20,4,8,8,8,8,8,20,4,8,0.99326087
20,4,12,8,8,8,8,20,4,12,0.99326087
20,4,16,8,8,8,8,20,4,16,0.99326087
20,4,20,8,8,8,8,20,4,20,0.99326087
20,4,24,8,8,8,8,20,4,24,0.99326087
16,4,4,6,6,6,6,16,4,4,0.993245881
16,4,8,6,6,6,6,16,4,8,0.993245881
16,4,12,6,6,6,6,16,4,12,0.993245881
16,4,16,6,6,6,6,16,4,16,0.993245881
16,4,20,6,6,6,6,16,4,20,0.993245881
16,4,24,6,6,6,6,16,4,24,0.993245881
16,8,4,8,8,8,8,16,8,4,0.993090062
16,8,8,8,8,8,8,16,8,8,0.993090062
16,8,12,8,8,8,8,16,8,12,0.993090062
16,8,16,8,8,8,8,16,8,16,0.993090062
16,8,20,8,8,8,8,16,8,20,0.993090062
16,8,24,8,8,8,8,16,8,24,0.993090062
20,4,4,10,10,10,10,20,4,4,0.992971015
20,4,8,10,10,10,10,20,4,8,0.992971015
20,4,12,10,10,10,10,20,4,12,0.992971015
20,4,16,10,10,10,10,20,4,16,0.992971015
20,4,20,10,10,10,10,20,4,20,0.992971015
20,4,24,10,10,10,10,20,4,24,0.992971015
16,4,4,10,10,10,10,16,4,4,0.992874396
16,4,8,10,10,10,10,16,4,8,0.992874396
16,4,12,10,10,10,10,16,4,12,0.992874396
16,4,16,10,10,10,10,16,4,16,0.992874396
16,4,20,10,10,10,10,16,4,20,0.992874396
16,4,24,10,10,10,10,16,4,24,0.992874396
12,4,4,6,6,6,6,12,4,4,0.992812284
12,4,8,6,6,6,6,12,4,8,0.992812284
12,4,12,6,6,6,6,12,4,12,0.992812284
12,4,16,6,6,6,6,12,4,16,0.992812284
12,4,20,6,6,6,6,12,4,20,0.992812284
12,4,24,6,6,6,6,12,4,24,0.992812284
8,4,4,10,10,10,10,8,4,4,0.992753623
8,4,8,10,10,10,10,8,4,8,0.992753623
8,4,12,10,10,10,10,8,4,12,0.992753623
8,4,16,10,10,10,10,8,4,16,0.992753623
8,4,20,10,10,10,10,8,4,20,0.992753623
8,4,24,10,10,10,10,8,4,24,0.992753623
4,4,4,10,10,10,10,4,4,4,0.992672758
4,4,8,10,10,10,10,4,4,8,0.992672758
4,4,12,10,10,10,10,4,4,12,0.992672758
4,4,16,10,10,10,10,4,4,16,0.992672758
4,4,20,10,10,10,10,4,4,20,0.992672758
4,4,24,10,10,10,10,4,4,24,0.992672758
8,4,4,8,8,8,8,8,4,4,0.992457181
8,4,8,8,8,8,8,8,4,8,0.992457181
8,4,12,8,8,8,8,8,4,12,0.992457181
8,4,16,8,8,8,8,8,4,16,0.992457181
8,4,20,8,8,8,8,8,4,20,0.992457181
8,4,24,8,8,8,8,8,4,24,0.992457181
24,4,4,8,8,8,8,24,4,4,0.99242236
24,4,8,8,8,8,8,24,4,8,0.99242236
24,4,12,8,8,8,8,24,4,12,0.99242236
24,4,16,8,8,8,8,24,4,16,0.99242236
24,4,20,8,8,8,8,24,4,20,0.99242236
24,4,24,8,8,8,8,24,4,24,0.99242236
16,8,4,10,10,10,10,16,8,4,0.992391304
16,8,8,10,10,10,10,16,8,8,0.992391304
16,8,12,10,10,10,10,16,8,12,0.992391304
16,8,16,10,10,10,10,16,8,16,0.992391304
16,8,20,10,10,10,10,16,8,20,0.992391304
16,8,24,10,10,10,10,16,8,24,0.992391304
20,8,4,8,8,8,8,20,8,4,0.992280883
20,8,8,8,8,8,8,20,8,8,0.992280883
20,8,12,8,8,8,8,20,8,12,0.992280883
20,8,16,8,8,8,8,20,8,16,0.992280883
20,8,20,8,8,8,8,20,8,20,0.992280883
20,8,24,8,8,8,8,20,8,24,0.992280883
20,8,4,10,10,10,10,20,8,4,0.992232043
20,8,8,10,10,10,10,20,8,8,0.992232043
20,8,12,10,10,10,10,20,8,12,0.992232043
20,8,16,10,10,10,10,20,8,16,0.992232043
20,8,20,10,10,10,10,20,8,20,0.992232043
20,8,24,10,10,10,10,20,8,24,0.992232043
4,4,4,8,8,8,8,4,4,4,0.992224452
4,4,8,8,8,8,8,4,4,8,0.992224452
4,4,12,8,8,8,8,4,4,12,0.992224452
4,4,16,8,8,8,8,4,4,16,0.992224452
4,4,20,8,8,8,8,4,4,20,0.992224452
4,4,24,8,8,8,8,4,4,24,0.992224452
24,8,4,8,8,8,8,24,8,4,0.992106625
24,8,8,8,8,8,8,24,8,8,0.992106625
24,8,12,8,8,8,8,24,8,12,0.992106625
24,8,16,8,8,8,8,24,8,16,0.992106625
24,8,20,8,8,8,8,24,8,20,0.992106625
24,8,24,8,8,8,8,24,8,24,0.992106625
24,8,4,10,10,10,10,24,8,4,0.992046239
24,8,8,10,10,10,10,24,8,8,0.992046239
24,8,12,10,10,10,10,24,8,12,0.992046239
24,8,16,10,10,10,10,24,8,16,0.992046239
24,8,20,10,10,10,10,24,8,20,0.992046239
24,8,24,10,10,10,10,24,8,24,0.992046239
20,12,4,10,10,10,10,20,12,4,0.992011732
20,12,8,10,10,10,10,20,12,8,0.992011732
20,12,12,10,10,10,10,20,12,12,0.992011732
20,12,16,10,10,10,10,20,12,16,0.992011732
20,12,20,10,10,10,10,20,12,20,0.992011732
20,12,24,10,10,10,10,20,12,24,0.992011732
16,12,4,8,8,8,8,16,12,4,0.99199793
16,12,8,8,8,8,8,16,12,8,0.99199793
16,12,12,8,8,8,8,16,12,12,0.99199793
16,12,16,8,8,8,8,16,12,16,0.99199793
16,12,20,8,8,8,8,16,12,20,0.99199793
16,12,24,8,8,8,8,16,12,24,0.99199793
24,12,4,10,10,10,10,24,12,4,0.991955991
24,12,8,10,10,10,10,24,12,8,0.991955991
24,12,12,10,10,10,10,24,12,12,0.991955991
24,12,16,10,10,10,10,24,12,16,0.991955991
24,12,20,10,10,10,10,24,12,20,0.991955991
24,12,24,10,10,10,10,24,12,24,0.991955991
8,8,4,10,10,10,10,8,8,4,0.991935818
8,8,8,10,10,10,10,8,8,8,0.991935818
8,8,12,10,10,10,10,8,8,12,0.991935818
8,8,16,10,10,10,10,8,8,16,0.991935818
8,8,20,10,10,10,10,8,8,20,0.991935818
8,8,24,10,10,10,10,8,8,24,0.991935818
24,4,4,10,10,10,10,24,4,4,0.991925466
24,4,8,10,10,10,10,24,4,8,0.991925466
24,4,12,10,10,10,10,24,4,12,0.991925466
24,4,16,10,10,10,10,24,4,16,0.991925466
24,4,20,10,10,10,10,24,4,20,0.991925466
24,4,24,10,10,10,10,24,4,24,0.991925466
16,12,4,10,10,10,10,16,12,4,0.991859373
16,12,8,10,10,10,10,16,12,8,0.991859373
16,12,12,10,10,10,10,16,12,12,0.991859373
16,12,16,10,10,10,10,16,12,16,0.991859373
16,12,20,10,10,10,10,16,12,20,0.991859373
16,12,24,10,10,10,10,16,12,24,0.991859373
20,12,4,8,8,8,8,20,12,4,0.991859373
20,12,8,8,8,8,8,20,12,8,0.991859373
20,12,12,8,8,8,8,20,12,12,0.991859373
20,12,16,8,8,8,8,20,12,16,0.991859373
20,12,20,8,8,8,8,20,12,20,0.991859373
20,12,24,8,8,8,8,20,12,24,0.991859373
12,12,4,8,8,8,8,12,12,4,0.99181677
12,12,8,8,8,8,8,12,12,8,0.99181677
12,12,12,8,8,8,8,12,12,12,0.99181677
12,12,16,8,8,8,8,12,12,16,0.99181677
12,12,20,8,8,8,8,12,12,20,0.99181677
12,12,24,8,8,8,8,12,12,24,0.99181677
24,12,4,8,8,8,8,24,12,4,0.991811594
24,12,8,8,8,8,8,24,12,8,0.991811594
24,12,12,8,8,8,8,24,12,12,0.991811594
24,12,16,8,8,8,8,24,12,16,0.991811594
24,12,20,8,8,8,8,24,12,20,0.991811594
24,12,24,8,8,8,8,24,12,24,0.991811594
20,4,4,6,6,6,6,20,4,4,0.991699987
20,4,8,6,6,6,6,20,4,8,0.991699987
20,4,12,6,6,6,6,20,4,12,0.991699987
20,4,16,6,6,6,6,20,4,16,0.991699987
20,4,20,6,6,6,6,20,4,20,0.991699987
20,4,24,6,6,6,6,20,4,24,0.991699987
16,4,4,4,4,4,4,16,4,4,0.99168392
16,4,8,4,4,4,4,16,4,8,0.99168392
16,4,12,4,4,4,4,16,4,12,0.99168392
16,4,16,4,4,4,4,16,4,16,0.99168392
16,4,20,4,4,4,4,16,4,20,0.99168392
16,4,24,4,4,4,4,16,4,24,0.99168392
12,12,4,10,10,10,10,12,12,4,0.991671312
12,12,8,10,10,10,10,12,12,8,0.991671312
12,12,12,10,10,10,10,12,12,12,0.991671312
12,12,16,10,10,10,10,12,12,16,0.991671312
12,12,20,10,10,10,10,12,12,20,0.991671312
12,12,24,10,10,10,10,12,12,24,0.991671312
20,4,4,4,4,4,4,20,4,4,0.99150223
20,4,8,4,4,4,4,20,4,8,0.99150223
20,4,12,4,4,4,4,20,4,12,0.99150223
20,4,16,4,4,4,4,20,4,16,0.99150223
20,4,20,4,4,4,4,20,4,20,0.99150223
20,4,24,4,4,4,4,20,4,24,0.99150223
16,8,4,6,6,6,6,16,8,4,0.991498936
16,8,8,6,6,6,6,16,8,8,0.991498936
16,8,12,6,6,6,6,16,8,12,0.991498936
16,8,16,6,6,6,6,16,8,16,0.991498936
16,8,20,6,6,6,6,16,8,20,0.991498936
16,8,24,6,6,6,6,16,8,24,0.991498936
20,8,4,6,6,6,6,20,8,4,0.991494448
20,8,8,6,6,6,6,20,8,8,0.991494448
20,8,12,6,6,6,6,20,8,12,0.991494448
20,8,16,6,6,6,6,20,8,16,0.991494448
20,8,20,6,6,6,6,20,8,20,0.991494448
20,8,24,6,6,6,6,20,8,24,0.991494448
24,8,4,4,4,4,4,24,8,4,0.991449275
24,8,8,4,4,4,4,24,8,8,0.991449275
24,8,12,4,4,4,4,24,8,12,0.991449275
24,8,16,4,4,4,4,24,8,16,0.991449275
24,8,20,4,4,4,4,24,8,20,0.991449275
24,8,24,4,4,4,4,24,8,24,0.991449275
8,8,4,8,8,8,8,8,8,4,0.991380262
8,8,8,8,8,8,8,8,8,8,0.991380262
8,8,12,8,8,8,8,8,8,12,0.991380262
8,8,16,8,8,8,8,8,8,16,0.991380262
8,8,20,8,8,8,8,8,8,20,0.991380262
8,8,24,8,8,8,8,8,8,24,0.991380262
24,12,4,4,4,4,4,24,12,4,0.991373023
24,12,8,4,4,4,4,24,12,8,0.991373023
24,12,12,4,4,4,4,24,12,12,0.991373023
24,12,16,4,4,4,4,24,12,16,0.991373023
24,12,20,4,4,4,4,24,12,20,0.991373023
24,12,24,4,4,4,4,24,12,24,0.991373023
20,8,4,4,4,4,4,20,8,4,0.991361859
20,8,8,4,4,4,4,20,8,8,0.991361859
20,8,12,4,4,4,4,20,8,12,0.991361859
20,8,16,4,4,4,4,20,8,16,0.991361859
20,8,20,4,4,4,4,20,8,20,0.991361859
20,8,24,4,4,4,4,20,8,24,0.991361859
4,8,4,10,10,10,10,4,8,4,0.991301211
4,8,8,10,10,10,10,4,8,8,0.991301211
4,8,12,10,10,10,10,4,8,12,0.991301211
4,8,16,10,10,10,10,4,8,16,0.991301211
4,8,20,10,10,10,10,4,8,20,0.991301211
4,8,24,10,10,10,10,4,8,24,0.991301211
20,12,4,4,4,4,4,20,12,4,0.991284838
20,12,8,4,4,4,4,20,12,8,0.991284838
20,12,12,4,4,4,4,20,12,12,0.991284838
20,12,16,4,4,4,4,20,12,16,0.991284838
20,12,20,4,4,4,4,20,12,20,0.991284838
20,12,24,4,4,4,4,20,12,24,0.991284838
24,4,4,4,4,4,4,24,4,4,0.991169555
24,4,8,4,4,4,4,24,4,8,0.991169555
24,4,12,4,4,4,4,24,4,12,0.991169555
24,4,16,4,4,4,4,24,4,16,0.991169555
24,4,20,4,4,4,4,24,4,20,0.991169555
24,4,24,4,4,4,4,24,4,24,0.991169555
16,8,4,4,4,4,4,16,8,4,0.991064572
16,8,8,4,4,4,4,16,8,8,0.991064572
16,8,12,4,4,4,4,16,8,12,0.991064572
16,8,16,4,4,4,4,16,8,16,0.991064572
16,8,20,4,4,4,4,16,8,20,0.991064572
16,8,24,4,4,4,4,16,8,24,0.991064572
12,8,4,6,6,6,6,12,8,4,0.991058201
12,8,8,6,6,6,6,12,8,8,0.991058201
12,8,12,6,6,6,6,12,8,12,0.991058201
12,8,16,6,6,6,6,12,8,16,0.991058201
12,8,20,6,6,6,6,12,8,20,0.991058201
12,8,24,6,6,6,6,12,8,24,0.991058201
24,8,4,6,6,6,6,24,8,4,0.991057252
24,8,8,6,6,6,6,24,8,8,0.991057252
24,8,12,6,6,6,6,24,8,12,0.991057252
24,8,16,6,6,6,6,24,8,16,0.991057252
24,8,20,6,6,6,6,24,8,20,0.991057252
24,8,24,6,6,6,6,24,8,24,0.991057252
24,4,4,6,6,6,6,24,4,4,0.990968944
24,4,8,6,6,6,6,24,4,8,0.990968944
24,4,12,6,6,6,6,24,4,12,0.990968944
24,4,16,6,6,6,6,24,4,16,0.990968944
24,4,20,6,6,6,6,24,4,20,0.990968944
24,4,24,6,6,6,6,24,4,24,0.990968944
8,4,4,6,6,6,6,8,4,4,0.990948068
8,4,8,6,6,6,6,8,4,8,0.990948068
8,4,12,6,6,6,6,8,4,12,0.990948068
8,4,16,6,6,6,6,8,4,16,0.990948068
8,4,20,6,6,6,6,8,4,20,0.990948068
8,4,24,6,6,6,6,8,4,24,0.990948068
20,12,4,6,6,6,6,20,12,4,0.990740741
20,12,8,6,6,6,6,20,12,8,0.990740741
20,12,12,6,6,6,6,20,12,12,0.990740741
20,12,16,6,6,6,6,20,12,16,0.990740741
20,12,20,6,6,6,6,20,12,20,0.990740741
20,12,24,6,6,6,6,20,12,24,0.990740741
16,12,4,6,6,6,6,16,12,4,0.990649004
16,12,8,6,6,6,6,16,12,8,0.990649004
16,12,12,6,6,6,6,16,12,12,0.990649004
16,12,16,6,6,6,6,16,12,16,0.990649004
16,12,20,6,6,6,6,16,12,20,0.990649004
16,12,24,6,6,6,6,16,12,24,0.990649004
8,8,4,6,6,6,6,8,8,4,0.990540603
8,8,8,6,6,6,6,8,8,8,0.990540603
8,8,12,6,6,6,6,8,8,12,0.990540603
8,8,16,6,6,6,6,8,8,16,0.990540603
8,8,20,6,6,6,6,8,8,20,0.990540603
8,8,24,6,6,6,6,8,8,24,0.990540603
24,12,4,6,6,6,6,24,12,4,0.990531401
24,12,8,6,6,6,6,24,12,8,0.990531401
24,12,12,6,6,6,6,24,12,12,0.990531401
24,12,16,6,6,6,6,24,12,16,0.990531401
24,12,20,6,6,6,6,24,12,20,0.990531401
24,12,24,6,6,6,6,24,12,24,0.990531401
16,12,4,4,4,4,4,16,12,4,0.989955717
16,12,8,4,4,4,4,16,12,8,0.989955717
16,12,12,4,4,4,4,16,12,12,0.989955717
16,12,16,4,4,4,4,16,12,16,0.989955717
16,12,20,4,4,4,4,16,12,20,0.989955717
16,12,24,4,4,4,4,16,12,24,0.989955717
20,16,4,10,10,10,10,20,16,4,0.989799331
20,16,8,10,10,10,10,20,16,8,0.989799331
20,16,12,10,10,10,10,20,16,12,0.989799331
20,16,16,10,10,10,10,20,16,16,0.989799331
20,16,20,10,10,10,10,20,16,20,0.989799331
20,16,24,10,10,10,10,20,16,24,0.989799331
12,4,4,4,4,4,4,12,4,4,0.98971347
12,4,8,4,4,4,4,12,4,8,0.98971347
12,4,12,4,4,4,4,12,4,12,0.98971347
12,4,16,4,4,4,4,12,4,16,0.98971347
12,4,20,4,4,4,4,12,4,20,0.98971347
12,4,24,4,4,4,4,12,4,24,0.98971347
20,16,4,8,8,8,8,20,16,4,0.989695812
20,16,8,8,8,8,8,20,16,8,0.989695812
20,16,12,8,8,8,8,20,16,12,0.989695812
20,16,16,8,8,8,8,20,16,16,0.989695812
20,16,20,8,8,8,8,20,16,20,0.989695812
20,16,24,8,8,8,8,20,16,24,0.989695812
24,16,4,10,10,10,10,24,16,4,0.989654935
24,16,8,10,10,10,10,24,16,8,0.989654935
24,16,12,10,10,10,10,24,16,12,0.989654935
24,16,16,10,10,10,10,24,16,16,0.989654935
24,16,20,10,10,10,10,24,16,20,0.989654935
24,16,24,10,10,10,10,24,16,24,0.989654935
8,12,4,10,10,10,10,8,12,4,0.98963078
8,12,8,10,10,10,10,8,12,8,0.98963078
8,12,12,10,10,10,10,8,12,12,0.98963078
8,12,16,10,10,10,10,8,12,16,0.98963078
8,12,20,10,10,10,10,8,12,20,0.98963078
8,12,24,10,10,10,10,8,12,24,0.98963078
4,8,4,8,8,8,8,4,8,4,0.989597693
4,8,8,8,8,8,8,4,8,8,0.989597693
4,8,12,8,8,8,8,4,8,12,0.989597693
4,8,16,8,8,8,8,4,8,16,0.989597693
4,8,20,8,8,8,8,4,8,20,0.989597693
4,8,24,8,8,8,8,4,8,24,0.989597693
16,16,4,10,10,10,10,16,16,4,0.989576366
16,16,8,10,10,10,10,16,16,8,0.989576366
16,16,12,10,10,10,10,16,16,12,0.989576366
16,16,16,10,10,10,10,16,16,16,0.989576366
16,16,20,10,10,10,10,16,16,20,0.989576366
16,16,24,10,10,10,10,16,16,24,0.989576366
24,16,4,8,8,8,8,24,16,4,0.989472364
24,16,8,8,8,8,8,24,16,8,0.989472364
24,16,12,8,8,8,8,24,16,12,0.989472364
24,16,16,8,8,8,8,24,16,16,0.989472364
24,16,20,8,8,8,8,24,16,20,0.989472364
24,16,24,8,8,8,8,24,16,24,0.989472364
8,12,4,8,8,8,8,8,12,4,0.989442502
8,12,8,8,8,8,8,8,12,8,0.989442502
8,12,12,8,8,8,8,8,12,12,0.989442502
8,12,16,8,8,8,8,8,12,16,0.989442502
8,12,20,8,8,8,8,8,12,20,0.989442502
8,12,24,8,8,8,8,8,12,24,0.989442502
16,16,4,8,8,8,8,16,16,4,0.989357563
16,16,8,8,8,8,8,16,16,8,0.989357563
16,16,12,8,8,8,8,16,16,12,0.989357563
16,16,16,8,8,8,8,16,16,16,0.989357563
16,16,20,8,8,8,8,16,16,20,0.989357563
16,16,24,8,8,8,8,16,16,24,0.989357563
12,16,4,10,10,10,10,12,16,4,0.989339465
12,16,8,10,10,10,10,12,16,8,0.989339465
12,16,12,10,10,10,10,12,16,12,0.989339465
12,16,16,10,10,10,10,12,16,16,0.989339465
12,16,20,10,10,10,10,12,16,20,0.989339465
12,16,24,10,10,10,10,12,16,24,0.989339465
4,12,4,10,10,10,10,4,12,4,0.989194111
4,12,8,10,10,10,10,4,12,8,0.989194111
4,12,12,10,10,10,10,4,12,12,0.989194111
4,12,16,10,10,10,10,4,12,16,0.989194111
4,12,20,10,10,10,10,4,12,20,0.989194111
4,12,24,10,10,10,10,4,12,24,0.989194111
12,12,4,4,4,4,4,12,12,4,0.989189377
12,12,8,4,4,4,4,12,12,8,0.989189377
12,12,12,4,4,4,4,12,12,12,0.989189377
12,12,16,4,4,4,4,12,12,16,0.989189377
12,12,20,4,4,4,4,12,12,20,0.989189377
12,12,24,4,4,4,4,12,12,24,0.989189377
4,12,4,8,8,8,8,4,12,4,0.989187684
4,12,8,8,8,8,8,4,12,8,0.989187684
4,12,12,8,8,8,8,4,12,12,0.989187684
4,12,16,8,8,8,8,4,12,16,0.989187684
4,12,20,8,8,8,8,4,12,20,0.989187684
4,12,24,8,8,8,8,4,12,24,0.989187684
12,16,4,8,8,8,8,12,16,4,0.989158852
12,16,8,8,8,8,8,12,16,8,0.989158852
12,16,12,8,8,8,8,12,16,12,0.989158852
12,16,16,8,8,8,8,12,16,16,0.989158852
12,16,20,8,8,8,8,12,16,20,0.989158852
12,16,24,8,8,8,8,12,16,24,0.989158852
4,4,4,6,6,6,6,4,4,4,0.989075224
4,4,8,6,6,6,6,4,4,8,0.989075224
4,4,12,6,6,6,6,4,4,12,0.989075224
4,4,16,6,6,6,6,4,4,16,0.989075224
4,4,20,6,6,6,6,4,4,20,0.989075224
4,4,24,6,6,6,6,4,4,24,0.989075224
8,16,4,10,10,10,10,8,16,4,0.989013925
8,16,8,10,10,10,10,8,16,8,0.989013925
8,16,12,10,10,10,10,8,16,12,0.989013925
8,16,16,10,10,10,10,8,16,16,0.989013925
8,16,20,10,10,10,10,8,16,20,0.989013925
8,16,24,10,10,10,10,8,16,24,0.989013925
12,12,4,6,6,6,6,12,12,4,0.988960081
12,12,8,6,6,6,6,12,12,8,0.988960081
12,12,12,6,6,6,6,12,12,12,0.988960081
12,12,16,6,6,6,6,12,12,16,0.988960081
12,12,20,6,6,6,6,12,12,20,0.988960081
12,12,24,6,6,6,6,12,12,24,0.988960081
12,8,4,4,4,4,4,12,8,4,0.988868997
12,8,8,4,4,4,4,12,8,8,0.988868997
12,8,12,4,4,4,4,12,8,12,0.988868997
12,8,16,4,4,4,4,12,8,16,0.988868997
12,8,20,4,4,4,4,12,8,20,0.988868997
12,8,24,4,4,4,4,12,8,24,0.988868997
8,4,4,4,4,4,4,8,4,4,0.98878095
8,4,8,4,4,4,4,8,4,8,0.98878095
8,4,12,4,4,4,4,8,4,12,0.98878095
8,4,16,4,4,4,4,8,4,16,0.98878095
8,4,20,4,4,4,4,8,4,20,0.98878095
8,4,24,4,4,4,4,8,4,24,0.98878095
8,16,4,8,8,8,8,8,16,4,0.988715242
8,16,8,8,8,8,8,8,16,8,0.988715242
8,16,12,8,8,8,8,8,16,12,0.988715242
8,16,16,8,8,8,8,8,16,16,0.988715242
8,16,20,8,8,8,8,8,16,20,0.988715242
8,16,24,8,8,8,8,8,16,24,0.988715242
8,12,4,6,6,6,6,8,12,4,0.98869311
8,12,8,6,6,6,6,8,12,8,0.98869311
8,12,12,6,6,6,6,8,12,12,0.98869311
8,12,16,6,6,6,6,8,12,16,0.98869311
8,12,20,6,6,6,6,8,12,20,0.98869311
8,12,24,6,6,6,6,8,12,24,0.98869311
20,16,4,6,6,6,6,20,16,4,0.988646072
20,16,8,6,6,6,6,20,16,8,0.988646072
20,16,12,6,6,6,6,20,16,12,0.988646072
20,16,16,6,6,6,6,20,16,16,0.988646072
20,16,20,6,6,6,6,20,16,20,0.988646072
20,16,24,6,6,6,6,20,16,24,0.988646072
24,16,4,6,6,6,6,24,16,4,0.988591043
24,16,8,6,6,6,6,24,16,8,0.988591043
24,16,12,6,6,6,6,24,16,12,0.988591043
24,16,16,6,6,6,6,24,16,16,0.988591043
24,16,20,6,6,6,6,24,16,20,0.988591043
24,16,24,6,6,6,6,24,16,24,0.988591043
16,16,4,6,6,6,6,16,16,4,0.988590931
16,16,8,6,6,6,6,16,16,8,0.988590931
16,16,12,6,6,6,6,16,16,12,0.988590931
16,16,16,6,6,6,6,16,16,16,0.988590931
16,16,20,6,6,6,6,16,16,20,0.988590931
16,16,24,6,6,6,6,16,16,24,0.988590931
12,16,4,6,6,6,6,12,16,4,0.988508708
12,16,8,6,6,6,6,12,16,8,0.988508708
12,16,12,6,6,6,6,12,16,12,0.988508708
12,16,16,6,6,6,6,12,16,16,0.988508708
12,16,20,6,6,6,6,12,16,20,0.988508708
12,16,24,6,6,6,6,12,16,24,0.988508708
8,12,4,4,4,4,4,8,12,4,0.988381256
8,12,8,4,4,4,4,8,12,8,0.988381256
8,12,12,4,4,4,4,8,12,12,0.988381256
8,12,16,4,4,4,4,8,12,16,0.988381256
8,12,20,4,4,4,4,8,12,20,0.988381256
8,12,24,4,4,4,4,8,12,24,0.988381256
8,16,4,6,6,6,6,8,16,4,0.988357223
8,16,8,6,6,6,6,8,16,8,0.988357223
8,16,12,6,6,6,6,8,16,12,0.988357223
8,16,16,6,6,6,6,8,16,16,0.988357223
8,16,20,6,6,6,6,8,16,20,0.988357223
8,16,24,6,6,6,6,8,16,24,0.988357223
8,8,4,4,4,4,4,8,8,4,0.988142502
8,8,8,4,4,4,4,8,8,8,0.988142502
8,8,12,4,4,4,4,8,8,12,0.988142502
8,8,16,4,4,4,4,8,8,16,0.988142502
8,8,20,4,4,4,4,8,8,20,0.988142502
8,8,24,4,4,4,4,8,8,24,0.988142502
24,16,4,4,4,4,4,24,16,4,0.987860797
24,16,8,4,4,4,4,24,16,8,0.987860797
24,16,12,4,4,4,4,24,16,12,0.987860797
24,16,16,4,4,4,4,24,16,16,0.987860797
24,16,20,4,4,4,4,24,16,20,0.987860797
24,16,24,4,4,4,4,24,16,24,0.987860797
20,16,4,4,4,4,4,20,16,4,0.987714098
20,16,8,4,4,4,4,20,16,8,0.987714098
20,16,12,4,4,4,4,20,16,12,0.987714098
20,16,16,4,4,4,4,20,16,16,0.987714098
20,16,20,4,4,4,4,20,16,20,0.987714098
20,16,24,4,4,4,4,20,16,24,0.987714098
4,8,4,6,6,6,6,4,8,4,0.987562112
4,8,8,6,6,6,6,4,8,8,0.987562112
4,8,12,6,6,6,6,4,8,12,0.987562112
4,8,16,6,6,6,6,4,8,16,0.987562112
4,8,20,6,6,6,6,4,8,20,0.987562112
4,8,24,6,6,6,6,4,8,24,0.987562112
16,16,4,4,4,4,4,16,16,4,0.987544623
16,16,8,4,4,4,4,16,16,8,0.987544623
16,16,12,4,4,4,4,16,16,12,0.987544623
16,16,16,4,4,4,4,16,16,16,0.987544623
16,16,20,4,4,4,4,16,16,20,0.987544623
16,16,24,4,4,4,4,16,16,24,0.987544623
20,20,4,10,10,10,10,20,20,4,0.987490765
20,20,8,10,10,10,10,20,20,8,0.987490765
20,20,12,10,10,10,10,20,20,12,0.987490765
20,20,16,10,10,10,10,20,20,16,0.987490765
20,20,20,10,10,10,10,20,20,20,0.987490765
20,20,24,10,10,10,10,20,20,24,0.987490765
20,20,4,8,8,8,8,20,20,4,0.987454533
20,20,8,8,8,8,8,20,20,8,0.987454533
20,20,12,8,8,8,8,20,20,12,0.987454533
20,20,16,8,8,8,8,20,20,16,0.987454533
20,20,20,8,8,8,8,20,20,20,0.987454533
20,20,24,8,8,8,8,20,20,24,0.987454533
24,20,4,8,8,8,8,24,20,4,0.987406224
24,20,4,10,10,10,10,24,20,4,0.987406224
24,20,8,8,8,8,8,24,20,8,0.987406224
24,20,8,10,10,10,10,24,20,8,0.987406224
24,20,12,8,8,8,8,24,20,12,0.987406224
24,20,12,10,10,10,10,24,20,12,0.987406224
24,20,16,8,8,8,8,24,20,16,0.987406224
24,20,16,10,10,10,10,24,20,16,0.987406224
24,20,20,8,8,8,8,24,20,20,0.987406224
24,20,20,10,10,10,10,24,20,20,0.987406224
24,20,24,8,8,8,8,24,20,24,0.987406224
24,20,24,10,10,10,10,24,20,24,0.987406224
4,16,4,10,10,10,10,4,16,4,0.987338022
4,16,8,10,10,10,10,4,16,8,0.987338022
4,16,12,10,10,10,10,4,16,12,0.987338022
4,16,16,10,10,10,10,4,16,16,0.987338022
4,16,20,10,10,10,10,4,16,20,0.987338022
4,16,24,10,10,10,10,4,16,24,0.987338022
16,20,4,10,10,10,10,16,20,4,0.987319078
16,20,8,10,10,10,10,16,20,8,0.987319078
16,20,12,10,10,10,10,16,20,12,0.987319078
16,20,16,10,10,10,10,16,20,16,0.987319078
16,20,20,10,10,10,10,16,20,20,0.987319078
16,20,24,10,10,10,10,16,20,24,0.987319078
16,20,4,8,8,8,8,16,20,4,0.98729066
16,20,8,8,8,8,8,16,20,8,0.98729066
16,20,12,8,8,8,8,16,20,12,0.98729066
16,20,16,8,8,8,8,16,20,16,0.98729066
16,20,20,8,8,8,8,16,20,20,0.98729066
16,20,24,8,8,8,8,16,20,24,0.98729066
24,20,4,4,4,4,4,24,20,4,0.987260493
24,20,8,4,4,4,4,24,20,8,0.987260493
24,20,12,4,4,4,4,24,20,12,0.987260493
24,20,16,4,4,4,4,24,20,16,0.987260493
24,20,20,4,4,4,4,24,20,20,0.987260493
24,20,24,4,4,4,4,24,20,24,0.987260493
12,20,4,10,10,10,10,12,20,4,0.987244531
12,20,8,10,10,10,10,12,20,8,0.987244531
12,20,12,10,10,10,10,12,20,12,0.987244531
12,20,16,10,10,10,10,12,20,16,0.987244531
12,20,20,10,10,10,10,12,20,20,0.987244531
12,20,24,10,10,10,10,12,20,24,0.987244531
12,20,4,8,8,8,8,12,20,4,0.987189678
12,20,8,8,8,8,8,12,20,8,0.987189678
12,20,12,8,8,8,8,12,20,12,0.987189678
12,20,16,8,8,8,8,12,20,16,0.987189678
12,20,20,8,8,8,8,12,20,20,0.987189678
12,20,24,8,8,8,8,12,20,24,0.987189678
12,16,4,4,4,4,4,12,16,4,0.987163561
12,16,8,4,4,4,4,12,16,8,0.987163561
12,16,12,4,4,4,4,12,16,12,0.987163561
12,16,16,4,4,4,4,12,16,16,0.987163561
12,16,20,4,4,4,4,12,16,20,0.987163561
12,16,24,4,4,4,4,12,16,24,0.987163561
4,16,4,8,8,8,8,4,16,4,0.987133202
4,16,8,8,8,8,8,4,16,8,0.987133202
4,16,12,8,8,8,8,4,16,12,0.987133202
4,16,16,8,8,8,8,4,16,16,0.987133202
4,16,20,8,8,8,8,4,16,20,0.987133202
4,16,24,8,8,8,8,4,16,24,0.987133202
20,20,4,4,4,4,4,20,20,4,0.987114364
20,20,8,4,4,4,4,20,20,8,0.987114364
20,20,12,4,4,4,4,20,20,12,0.987114364
20,20,16,4,4,4,4,20,20,16,0.987114364
20,20,20,4,4,4,4,20,20,20,0.987114364
20,20,24,4,4,4,4,20,20,24,0.987114364
24,20,4,6,6,6,6,24,20,4,0.987053819
24,20,8,6,6,6,6,24,20,8,0.987053819
24,20,12,6,6,6,6,24,20,12,0.987053819
24,20,16,6,6,6,6,24,20,16,0.987053819
24,20,20,6,6,6,6,24,20,20,0.987053819
24,20,24,6,6,6,6,24,20,24,0.987053819
4,8,4,4,4,4,4,4,8,4,0.987044739
4,8,8,4,4,4,4,4,8,8,0.987044739
4,8,12,4,4,4,4,4,8,12,0.987044739
4,8,16,4,4,4,4,4,8,16,0.987044739
4,8,20,4,4,4,4,4,8,20,0.987044739
4,8,24,4,4,4,4,4,8,24,0.987044739
20,20,4,6,6,6,6,20,20,4,0.986997109
20,20,8,6,6,6,6,20,20,8,0.986997109
20,20,12,6,6,6,6,20,20,12,0.986997109
20,20,16,6,6,6,6,20,20,16,0.986997109
20,20,20,6,6,6,6,20,20,20,0.986997109
20,20,24,6,6,6,6,20,20,24,0.986997109
8,20,4,8,8,8,8,8,20,4,0.986976536
8,20,8,8,8,8,8,8,20,8,0.986976536
8,20,12,8,8,8,8,8,20,12,0.986976536
8,20,16,8,8,8,8,8,20,16,0.986976536
8,20,20,8,8,8,8,8,20,20,0.986976536
8,20,24,8,8,8,8,8,20,24,0.986976536
8,20,4,10,10,10,10,8,20,4,0.98695111
8,20,8,10,10,10,10,8,20,8,0.98695111
8,20,12,10,10,10,10,8,20,12,0.98695111
8,20,16,10,10,10,10,8,20,16,0.98695111
8,20,20,10,10,10,10,8,20,20,0.98695111
8,20,24,10,10,10,10,8,20,24,0.98695111
16,20,4,6,6,6,6,16,20,4,0.986942901
16,20,8,6,6,6,6,16,20,8,0.986942901
16,20,12,6,6,6,6,16,20,12,0.986942901
16,20,16,6,6,6,6,16,20,16,0.986942901
16,20,20,6,6,6,6,16,20,20,0.986942901
16,20,24,6,6,6,6,16,20,24,0.986942901
4,20,4,8,8,8,8,4,20,4,0.986870256
4,20,8,8,8,8,8,4,20,8,0.986870256
4,20,12,8,8,8,8,4,20,12,0.986870256
4,20,16,8,8,8,8,4,20,16,0.986870256
4,20,20,8,8,8,8,4,20,20,0.986870256
4,20,24,8,8,8,8,4,20,24,0.986870256
16,20,4,4,4,4,4,16,20,4,0.986856324
16,20,8,4,4,4,4,16,20,8,0.986856324
16,20,12,4,4,4,4,16,20,12,0.986856324
16,20,16,4,4,4,4,16,20,16,0.986856324
16,20,20,4,4,4,4,16,20,20,0.986856324
16,20,24,4,4,4,4,16,20,24,0.986856324
4,20,4,10,10,10,10,4,20,4,0.986802228
4,20,8,10,10,10,10,4,20,8,0.986802228
4,20,12,10,10,10,10,4,20,12,0.986802228
4,20,16,10,10,10,10,4,20,16,0.986802228
4,20,20,10,10,10,10,4,20,20,0.986802228
4,20,24,10,10,10,10,4,20,24,0.986802228
8,16,4,4,4,4,4,8,16,4,0.986774327
8,16,8,4,4,4,4,8,16,8,0.986774327
8,16,12,4,4,4,4,8,16,12,0.986774327
8,16,16,4,4,4,4,8,16,16,0.986774327
8,16,20,4,4,4,4,8,16,20,0.986774327
8,16,24,4,4,4,4,8,16,24,0.986774327
12,20,4,6,6,6,6,12,20,4,0.986749889
12,20,8,6,6,6,6,12,20,8,0.986749889
12,20,12,6,6,6,6,12,20,12,0.986749889
12,20,16,6,6,6,6,12,20,16,0.986749889
12,20,20,6,6,6,6,12,20,20,0.986749889
12,20,24,6,6,6,6,12,20,24,0.986749889
12,20,4,4,4,4,4,12,20,4,0.986675692
12,20,8,4,4,4,4,12,20,8,0.986675692
12,20,12,4,4,4,4,12,20,12,0.986675692
12,20,16,4,4,4,4,12,20,16,0.986675692
12,20,20,4,4,4,4,12,20,20,0.986675692
12,20,24,4,4,4,4,12,20,24,0.986675692
8,20,4,6,6,6,6,8,20,4,0.986601477
8,20,8,6,6,6,6,8,20,8,0.986601477
8,20,12,6,6,6,6,8,20,12,0.986601477
8,20,16,6,6,6,6,8,20,16,0.986601477
8,20,20,6,6,6,6,8,20,20,0.986601477
8,20,24,6,6,6,6,8,20,24,0.986601477
8,20,4,4,4,4,4,8,20,4,0.986387164
8,20,8,4,4,4,4,8,20,8,0.986387164
8,20,12,4,4,4,4,8,20,12,0.986387164
8,20,16,4,4,4,4,8,20,16,0.986387164
8,20,20,4,4,4,4,8,20,20,0.986387164
8,20,24,4,4,4,4,8,20,24,0.986387164
4,4,4,4,4,4,4,4,4,4,0.986007018
4,4,8,4,4,4,4,4,4,8,0.986007018
4,4,12,4,4,4,4,4,4,12,0.986007018
4,4,16,4,4,4,4,4,4,16,0.986007018
4,4,20,4,4,4,4,4,4,20,0.986007018
4,4,24,4,4,4,4,4,4,24,0.986007018
4,12,4,4,4,4,4,4,12,4,0.985853732
4,12,8,4,4,4,4,4,12,8,0.985853732
4,12,12,4,4,4,4,4,12,12,0.985853732
4,12,16,4,4,4,4,4,12,16,0.985853732
4,12,20,4,4,4,4,4,12,20,0.985853732
4,12,24,4,4,4,4,4,12,24,0.985853732
4,16,4,4,4,4,4,4,16,4,0.985611768
4,16,8,4,4,4,4,4,16,8,0.985611768
4,16,12,4,4,4,4,4,16,12,0.985611768
4,16,16,4,4,4,4,4,16,16,0.985611768
4,16,20,4,4,4,4,4,16,20,0.985611768
4,16,24,4,4,4,4,4,16,24,0.985611768
4,12,4,6,6,6,6,4,12,4,0.985610719
4,12,8,6,6,6,6,4,12,8,0.985610719
4,12,12,6,6,6,6,4,12,12,0.985610719
4,12,16,6,6,6,6,4,12,16,0.985610719
4,12,20,6,6,6,6,4,12,20,0.985610719
4,12,24,6,6,6,6,4,12,24,0.985610719
20,24,4,8,8,8,8,20,24,4,0.985557506
20,24,8,8,8,8,8,20,24,8,0.985557506
20,24,12,8,8,8,8,20,24,12,0.985557506
20,24,16,8,8,8,8,20,24,16,0.985557506
20,24,20,8,8,8,8,20,24,20,0.985557506
20,24,24,8,8,8,8,20,24,24,0.985557506
24,24,4,8,8,8,8,24,24,4,0.985557506
24,24,8,8,8,8,8,24,24,8,0.985557506
24,24,12,8,8,8,8,24,24,12,0.985557506
24,24,16,8,8,8,8,24,24,16,0.985557506
24,24,20,8,8,8,8,24,24,20,0.985557506
24,24,24,8,8,8,8,24,24,24,0.985557506
20,24,4,10,10,10,10,20,24,4,0.985541753
20,24,8,10,10,10,10,20,24,8,0.985541753
20,24,12,10,10,10,10,20,24,12,0.985541753
20,24,16,10,10,10,10,20,24,16,0.985541753
20,24,20,10,10,10,10,20,24,20,0.985541753
20,24,24,10,10,10,10,20,24,24,0.985541753
24,24,4,10,10,10,10,24,24,4,0.985541753
24,24,8,10,10,10,10,24,24,8,0.985541753
24,24,12,10,10,10,10,24,24,12,0.985541753
24,24,16,10,10,10,10,24,24,16,0.985541753
24,24,20,10,10,10,10,24,24,20,0.985541753
24,24,24,10,10,10,10,24,24,24,0.985541753
16,24,4,8,8,8,8,16,24,4,0.985438694
16,24,8,8,8,8,8,16,24,8,0.985438694
16,24,12,8,8,8,8,16,24,12,0.985438694
16,24,16,8,8,8,8,16,24,16,0.985438694
16,24,20,8,8,8,8,16,24,20,0.985438694
16,24,24,8,8,8,8,16,24,24,0.985438694
4,16,4,6,6,6,6,4,16,4,0.985408863
4,16,8,6,6,6,6,4,16,8,0.985408863
4,16,12,6,6,6,6,4,16,12,0.985408863
4,16,16,6,6,6,6,4,16,16,0.985408863
4,16,20,6,6,6,6,4,16,20,0.985408863
4,16,24,6,6,6,6,4,16,24,0.985408863
16,24,4,10,10,10,10,16,24,4,0.985400381
16,24,8,10,10,10,10,16,24,8,0.985400381
16,24,12,10,10,10,10,16,24,12,0.985400381
16,24,16,10,10,10,10,16,24,16,0.985400381
16,24,20,10,10,10,10,16,24,20,0.985400381
16,24,24,10,10,10,10,16,24,24,0.985400381
12,24,4,10,10,10,10,12,24,4,0.98526741
12,24,8,10,10,10,10,12,24,8,0.98526741
12,24,12,10,10,10,10,12,24,12,0.98526741
12,24,16,10,10,10,10,12,24,16,0.98526741
12,24,20,10,10,10,10,12,24,20,0.98526741
12,24,24,10,10,10,10,12,24,24,0.98526741
12,24,4,8,8,8,8,12,24,4,0.985251426
12,24,8,8,8,8,8,12,24,8,0.985251426
12,24,12,8,8,8,8,12,24,12,0.985251426
12,24,16,8,8,8,8,12,24,16,0.985251426
12,24,20,8,8,8,8,12,24,20,0.985251426
12,24,24,8,8,8,8,12,24,24,0.985251426
24,24,4,4,4,4,4,24,24,4,0.985230613
24,24,8,4,4,4,4,24,24,8,0.985230613
24,24,12,4,4,4,4,24,24,12,0.985230613
24,24,16,4,4,4,4,24,24,16,0.985230613
24,24,20,4,4,4,4,24,24,20,0.985230613
24,24,24,4,4,4,4,24,24,24,0.985230613
24,24,4,6,6,6,6,24,24,4,0.985144238
24,24,8,6,6,6,6,24,24,8,0.985144238
24,24,12,6,6,6,6,24,24,12,0.985144238
24,24,16,6,6,6,6,24,24,16,0.985144238
24,24,20,6,6,6,6,24,24,20,0.985144238
24,24,24,6,6,6,6,24,24,24,0.985144238
4,20,4,4,4,4,4,4,20,4,0.985123672
4,20,8,4,4,4,4,4,20,8,0.985123672
4,20,12,4,4,4,4,4,20,12,0.985123672
4,20,16,4,4,4,4,4,20,16,0.985123672
4,20,20,4,4,4,4,4,20,20,0.985123672
4,20,24,4,4,4,4,4,20,24,0.985123672
20,24,4,4,4,4,4,20,24,4,0.985118089
20,24,8,4,4,4,4,20,24,8,0.985118089
20,24,12,4,4,4,4,20,24,12,0.985118089
20,24,16,4,4,4,4,20,24,16,0.985118089
20,24,20,4,4,4,4,20,24,20,0.985118089
20,24,24,4,4,4,4,20,24,24,0.985118089
4,20,4,6,6,6,6,4,20,4,0.985104752
4,20,8,6,6,6,6,4,20,8,0.985104752
4,20,12,6,6,6,6,4,20,12,0.985104752
4,20,16,6,6,6,6,4,20,16,0.985104752
4,20,20,6,6,6,6,4,20,20,0.985104752
4,20,24,6,6,6,6,4,20,24,0.985104752
20,24,4,6,6,6,6,20,24,4,0.985095592
20,24,8,6,6,6,6,20,24,8,0.985095592
20,24,12,6,6,6,6,20,24,12,0.985095592
20,24,16,6,6,6,6,20,24,16,0.985095592
20,24,20,6,6,6,6,20,24,20,0.985095592
20,24,24,6,6,6,6,20,24,24,0.985095592
8,24,4,8,8,8,8,8,24,4,0.985080468
8,24,8,8,8,8,8,8,24,8,0.985080468
8,24,12,8,8,8,8,8,24,12,0.985080468
8,24,16,8,8,8,8,8,24,16,0.985080468
8,24,20,8,8,8,8,8,24,20,0.985080468
8,24,24,8,8,8,8,8,24,24,0.985080468
16,24,4,4,4,4,4,16,24,4,0.985024007
16,24,8,4,4,4,4,16,24,8,0.985024007
16,24,12,4,4,4,4,16,24,12,0.985024007
16,24,16,4,4,4,4,16,24,16,0.985024007
16,24,20,4,4,4,4,16,24,20,0.985024007
16,24,24,4,4,4,4,16,24,24,0.985024007
8,24,4,10,10,10,10,8,24,4,0.984994609
8,24,8,10,10,10,10,8,24,8,0.984994609
8,24,12,10,10,10,10,8,24,12,0.984994609
8,24,16,10,10,10,10,8,24,16,0.984994609
8,24,20,10,10,10,10,8,24,20,0.984994609
8,24,24,10,10,10,10,8,24,24,0.984994609
16,24,4,6,6,6,6,16,24,4,0.984974542
16,24,8,6,6,6,6,16,24,8,0.984974542
16,24,12,6,6,6,6,16,24,12,0.984974542
16,24,16,6,6,6,6,16,24,16,0.984974542
16,24,20,6,6,6,6,16,24,20,0.984974542
16,24,24,6,6,6,6,16,24,24,0.984974542
4,24,4,8,8,8,8,4,24,4,0.984974161
4,24,8,8,8,8,8,4,24,8,0.984974161
4,24,12,8,8,8,8,4,24,12,0.984974161
4,24,16,8,8,8,8,4,24,16,0.984974161
4,24,20,8,8,8,8,4,24,20,0.984974161
4,24,24,8,8,8,8,4,24,24,0.984974161
4,24,4,10,10,10,10,4,24,4,0.984901008
4,24,8,10,10,10,10,4,24,8,0.984901008
4,24,12,10,10,10,10,4,24,12,0.984901008
4,24,16,10,10,10,10,4,24,16,0.984901008
4,24,20,10,10,10,10,4,24,20,0.984901008
4,24,24,10,10,10,10,4,24,24,0.984901008
12,24,4,6,6,6,6,12,24,4,0.984844521
12,24,8,6,6,6,6,12,24,8,0.984844521
12,24,12,6,6,6,6,12,24,12,0.984844521
12,24,16,6,6,6,6,12,24,16,0.984844521
12,24,20,6,6,6,6,12,24,20,0.984844521
12,24,24,6,6,6,6,12,24,24,0.984844521
12,24,4,4,4,4,4,12,24,4,0.984801991
12,24,8,4,4,4,4,12,24,8,0.984801991
12,24,12,4,4,4,4,12,24,12,0.984801991
12,24,16,4,4,4,4,12,24,16,0.984801991
12,24,20,4,4,4,4,12,24,20,0.984801991
12,24,24,4,4,4,4,12,24,24,0.984801991
8,24,4,6,6,6,6,8,24,4,0.984798477
8,24,8,6,6,6,6,8,24,8,0.984798477
8,24,12,6,6,6,6,8,24,12,0.984798477
8,24,16,6,6,6,6,8,24,16,0.984798477
8,24,20,6,6,6,6,8,24,20,0.984798477
8,24,24,6,6,6,6,8,24,24,0.984798477
4,24,4,4,4,4,4,4,24,4,0.984644802
4,24,8,4,4,4,4,4,24,8,0.984644802
4,24,12,4,4,4,4,4,24,12,0.984644802
4,24,16,4,4,4,4,4,24,16,0.984644802
4,24,20,4,4,4,4,4,24,20,0.984644802
4,24,24,4,4,4,4,4,24,24,0.984644802
8,24,4,4,4,4,4,8,24,4,0.984595583
8,24,8,4,4,4,4,8,24,8,0.984595583
8,24,12,4,4,4,4,8,24,12,0.984595583
8,24,16,4,4,4,4,8,24,16,0.984595583
8,24,20,4,4,4,4,8,24,20,0.984595583
8,24,24,4,4,4,4,8,24,24,0.984595583
4,24,4,6,6,6,6,4,24,4,0.98397898
4,24,8,6,6,6,6,4,24,8,0.98397898
4,24,12,6,6,6,6,4,24,12,0.98397898
4,24,16,6,6,6,6,4,24,16,0.98397898
4,24,20,6,6,6,6,4,24,20,0.98397898
4,24,24,6,6,6,6,4,24,24,0.98397898
24,4,4,2,2,2,2,24,4,4,0.938582283
24,4,8,2,2,2,2,24,4,8,0.938582283
24,4,12,2,2,2,2,24,4,12,0.938582283
24,4,16,2,2,2,2,24,4,16,0.938582283
24,4,20,2,2,2,2,24,4,20,0.938582283
24,4,24,2,2,2,2,24,4,24,0.938582283
24,8,4,2,2,2,2,24,8,4,0.938269892
24,8,8,2,2,2,2,24,8,8,0.938269892
24,8,12,2,2,2,2,24,8,12,0.938269892
24,8,16,2,2,2,2,24,8,16,0.938269892
24,8,20,2,2,2,2,24,8,20,0.938269892
24,8,24,2,2,2,2,24,8,24,0.938269892
20,4,4,2,2,2,2,20,4,4,0.937133417
20,4,8,2,2,2,2,20,4,8,0.937133417
20,4,12,2,2,2,2,20,4,12,0.937133417
20,4,16,2,2,2,2,20,4,16,0.937133417
20,4,20,2,2,2,2,20,4,20,0.937133417
20,4,24,2,2,2,2,20,4,24,0.937133417
16,4,4,2,2,2,2,16,4,4,0.936618671
16,4,8,2,2,2,2,16,4,8,0.936618671
16,4,12,2,2,2,2,16,4,12,0.936618671
16,4,16,2,2,2,2,16,4,16,0.936618671
16,4,20,2,2,2,2,16,4,20,0.936618671
16,4,24,2,2,2,2,16,4,24,0.936618671
20,8,4,2,2,2,2,20,8,4,0.935852144
20,8,8,2,2,2,2,20,8,8,0.935852144
20,8,12,2,2,2,2,20,8,12,0.935852144
20,8,16,2,2,2,2,20,8,16,0.935852144
20,8,20,2,2,2,2,20,8,20,0.935852144
20,8,24,2,2,2,2,20,8,24,0.935852144
12,4,4,2,2,2,2,12,4,4,0.935395095
12,4,8,2,2,2,2,12,4,8,0.935395095
12,4,12,2,2,2,2,12,4,12,0.935395095
12,4,16,2,2,2,2,12,4,16,0.935395095
12,4,20,2,2,2,2,12,4,20,0.935395095
12,4,24,2,2,2,2,12,4,24,0.935395095
24,12,4,2,2,2,2,24,12,4,0.934096831
24,12,8,2,2,2,2,24,12,8,0.934096831
24,12,12,2,2,2,2,24,12,12,0.934096831
24,12,16,2,2,2,2,24,12,16,0.934096831
24,12,20,2,2,2,2,24,12,20,0.934096831
24,12,24,2,2,2,2,24,12,24,0.934096831
16,8,4,2,2,2,2,16,8,4,0.933918486
16,8,8,2,2,2,2,16,8,8,0.933918486
16,8,12,2,2,2,2,16,8,12,0.933918486
16,8,16,2,2,2,2,16,8,16,0.933918486
16,8,20,2,2,2,2,16,8,20,0.933918486
16,8,24,2,2,2,2,16,8,24,0.933918486
12,8,4,2,2,2,2,12,8,4,0.931437991
12,8,8,2,2,2,2,12,8,8,0.931437991
12,8,12,2,2,2,2,12,8,12,0.931437991
12,8,16,2,2,2,2,12,8,16,0.931437991
12,8,20,2,2,2,2,12,8,20,0.931437991
12,8,24,2,2,2,2,12,8,24,0.931437991
20,12,4,2,2,2,2,20,12,4,0.931040554
20,12,8,2,2,2,2,20,12,8,0.931040554
20,12,12,2,2,2,2,20,12,12,0.931040554
20,12,16,2,2,2,2,20,12,16,0.931040554
20,12,20,2,2,2,2,20,12,20,0.931040554
20,12,24,2,2,2,2,20,12,24,0.931040554
24,16,4,2,2,2,2,24,16,4,0.930943442
24,16,8,2,2,2,2,24,16,8,0.930943442
24,16,12,2,2,2,2,24,16,12,0.930943442
24,16,16,2,2,2,2,24,16,16,0.930943442
24,16,20,2,2,2,2,24,16,20,0.930943442
24,16,24,2,2,2,2,24,16,24,0.930943442
24,20,4,2,2,2,2,24,20,4,0.929256287
24,20,8,2,2,2,2,24,20,8,0.929256287
24,20,12,2,2,2,2,24,20,12,0.929256287
24,20,16,2,2,2,2,24,20,16,0.929256287
24,20,20,2,2,2,2,24,20,20,0.929256287
24,20,24,2,2,2,2,24,20,24,0.929256287
16,12,4,2,2,2,2,16,12,4,0.928757093
16,12,8,2,2,2,2,16,12,8,0.928757093
16,12,12,2,2,2,2,16,12,12,0.928757093
16,12,16,2,2,2,2,16,12,16,0.928757093
16,12,20,2,2,2,2,16,12,20,0.928757093
16,12,24,2,2,2,2,16,12,24,0.928757093
8,4,4,2,2,2,2,8,4,4,0.928722954
8,4,8,2,2,2,2,8,4,8,0.928722954
8,4,12,2,2,2,2,8,4,12,0.928722954
8,4,16,2,2,2,2,8,4,16,0.928722954
8,4,20,2,2,2,2,8,4,20,0.928722954
8,4,24,2,2,2,2,8,4,24,0.928722954
20,16,4,2,2,2,2,20,16,4,0.928589035
20,16,8,2,2,2,2,20,16,8,0.928589035
20,16,12,2,2,2,2,20,16,12,0.928589035
20,16,16,2,2,2,2,20,16,16,0.928589035
20,16,20,2,2,2,2,20,16,20,0.928589035
20,16,24,2,2,2,2,20,16,24,0.928589035
8,8,4,2,2,2,2,8,8,4,0.928164198
8,8,8,2,2,2,2,8,8,8,0.928164198
8,8,12,2,2,2,2,8,8,12,0.928164198
8,8,16,2,2,2,2,8,8,16,0.928164198
8,8,20,2,2,2,2,8,8,20,0.928164198
8,8,24,2,2,2,2,8,8,24,0.928164198
4,4,4,2,2,2,2,4,4,4,0.92774873
4,4,8,2,2,2,2,4,4,8,0.92774873
4,4,12,2,2,2,2,4,4,12,0.92774873
4,4,16,2,2,2,2,4,4,16,0.92774873
4,4,20,2,2,2,2,4,4,20,0.92774873
4,4,24,2,2,2,2,4,4,24,0.92774873
16,16,4,2,2,2,2,16,16,4,0.927685148
16,16,8,2,2,2,2,16,16,8,0.927685148
16,16,12,2,2,2,2,16,16,12,0.927685148
16,16,16,2,2,2,2,16,16,16,0.927685148
16,16,20,2,2,2,2,16,16,20,0.927685148
16,16,24,2,2,2,2,16,16,24,0.927685148
12,12,4,2,2,2,2,12,12,4,0.927194928
12,12,8,2,2,2,2,12,12,8,0.927194928
12,12,12,2,2,2,2,12,12,12,0.927194928
12,12,16,2,2,2,2,12,12,16,0.927194928
12,12,20,2,2,2,2,12,12,20,0.927194928
12,12,24,2,2,2,2,12,12,24,0.927194928
20,20,4,2,2,2,2,20,20,4,0.926844765
20,20,8,2,2,2,2,20,20,8,0.926844765
20,20,12,2,2,2,2,20,20,12,0.926844765
20,20,16,2,2,2,2,20,20,16,0.926844765
20,20,20,2,2,2,2,20,20,20,0.926844765
20,20,24,2,2,2,2,20,20,24,0.926844765
24,24,4,2,2,2,2,24,24,4,0.926758135
24,24,8,2,2,2,2,24,24,8,0.926758135
24,24,12,2,2,2,2,24,24,12,0.926758135
24,24,16,2,2,2,2,24,24,16,0.926758135
24,24,20,2,2,2,2,24,24,20,0.926758135
24,24,24,2,2,2,2,24,24,24,0.926758135
12,16,4,2,2,2,2,12,16,4,0.926743906
12,16,8,2,2,2,2,12,16,8,0.926743906
12,16,12,2,2,2,2,12,16,12,0.926743906
12,16,16,2,2,2,2,12,16,16,0.926743906
12,16,20,2,2,2,2,12,16,20,0.926743906
12,16,24,2,2,2,2,12,16,24,0.926743906
8,16,4,2,2,2,2,8,16,4,0.926462114
8,16,8,2,2,2,2,8,16,8,0.926462114
8,16,12,2,2,2,2,8,16,12,0.926462114
8,16,16,2,2,2,2,8,16,16,0.926462114
8,16,20,2,2,2,2,8,16,20,0.926462114
8,16,24,2,2,2,2,8,16,24,0.926462114
8,12,4,2,2,2,2,8,12,4,0.925724608
8,12,8,2,2,2,2,8,12,8,0.925724608
8,12,12,2,2,2,2,8,12,12,0.925724608
8,12,16,2,2,2,2,8,12,16,0.925724608
8,12,20,2,2,2,2,8,12,20,0.925724608
8,12,24,2,2,2,2,8,12,24,0.925724608
20,24,4,2,2,2,2,20,24,4,0.925253041
20,24,8,2,2,2,2,20,24,8,0.925253041
20,24,12,2,2,2,2,20,24,12,0.925253041
20,24,16,2,2,2,2,20,24,16,0.925253041
20,24,20,2,2,2,2,20,24,20,0.925253041
20,24,24,2,2,2,2,20,24,24,0.925253041
16,20,4,2,2,2,2,16,20,4,0.925017893
16,20,8,2,2,2,2,16,20,8,0.925017893
16,20,12,2,2,2,2,16,20,12,0.925017893
16,20,16,2,2,2,2,16,20,16,0.925017893
16,20,20,2,2,2,2,16,20,20,0.925017893
16,20,24,2,2,2,2,16,20,24,0.925017893
4,8,4,2,2,2,2,4,8,4,0.924812404
4,8,8,2,2,2,2,4,8,8,0.924812404
4,8,12,2,2,2,2,4,8,12,0.924812404
4,8,16,2,2,2,2,4,8,16,0.924812404
4,8,20,2,2,2,2,4,8,20,0.924812404
4,8,24,2,2,2,2,4,8,24,0.924812404
8,20,4,2,2,2,2,8,20,4,0.924764261
8,20,8,2,2,2,2,8,20,8,0.924764261
8,20,12,2,2,2,2,8,20,12,0.924764261
8,20,16,2,2,2,2,8,20,16,0.924764261
8,20,20,2,2,2,2,8,20,20,0.924764261
8,20,24,2,2,2,2,8,20,24,0.924764261
12,20,4,2,2,2,2,12,20,4,0.924659058
12,20,8,2,2,2,2,12,20,8,0.924659058
12,20,12,2,2,2,2,12,20,12,0.924659058
12,20,16,2,2,2,2,12,20,16,0.924659058
12,20,20,2,2,2,2,12,20,20,0.924659058
12,20,24,2,2,2,2,12,20,24,0.924659058
8,24,4,2,2,2,2,8,24,4,0.924497654
8,24,8,2,2,2,2,8,24,8,0.924497654
8,24,12,2,2,2,2,8,24,12,0.924497654
8,24,16,2,2,2,2,8,24,16,0.924497654
8,24,20,2,2,2,2,8,24,20,0.924497654
8,24,24,2,2,2,2,8,24,24,0.924497654
16,24,4,2,2,2,2,16,24,4,0.92437224
16,24,8,2,2,2,2,16,24,8,0.92437224
16,24,12,2,2,2,2,16,24,12,0.92437224
16,24,16,2,2,2,2,16,24,16,0.92437224
16,24,20,2,2,2,2,16,24,20,0.92437224
16,24,24,2,2,2,2,16,24,24,0.92437224
12,24,4,2,2,2,2,12,24,4,0.924299673
12,24,8,2,2,2,2,12,24,8,0.924299673
12,24,12,2,2,2,2,12,24,12,0.924299673
12,24,16,2,2,2,2,12,24,16,0.924299673
12,24,20,2,2,2,2,12,24,20,0.924299673
12,24,24,2,2,2,2,12,24,24,0.924299673
4,16,4,2,2,2,2,4,16,4,0.923441669
4,16,8,2,2,2,2,4,16,8,0.923441669
4,16,12,2,2,2,2,4,16,12,0.923441669
4,16,16,2,2,2,2,4,16,16,0.923441669
4,16,20,2,2,2,2,4,16,20,0.923441669
4,16,24,2,2,2,2,4,16,24,0.923441669
4,24,4,2,2,2,2,4,24,4,0.923259663
4,24,8,2,2,2,2,4,24,8,0.923259663
4,24,12,2,2,2,2,4,24,12,0.923259663
4,24,16,2,2,2,2,4,24,16,0.923259663
4,24,20,2,2,2,2,4,24,20,0.923259663
4,24,24,2,2,2,2,4,24,24,0.923259663
4,12,4,2,2,2,2,4,12,4,0.923197877
4,12,8,2,2,2,2,4,12,8,0.923197877
4,12,12,2,2,2,2,4,12,12,0.923197877
4,12,16,2,2,2,2,4,12,16,0.923197877
4,12,20,2,2,2,2,4,12,20,0.923197877
4,12,24,2,2,2,2,4,12,24,0.923197877
4,20,4,2,2,2,2,4,20,4,0.923043374
4,20,8,2,2,2,2,4,20,8,0.923043374
4,20,12,2,2,2,2,4,20,12,0.923043374
4,20,16,2,2,2,2,4,20,16,0.923043374
4,20,20,2,2,2,2,4,20,20,0.923043374
4,20,24,2,2,2,2,4,20,24,0.923043374